{
    "name": "grup",
    "roles": [
        "grup_kelas"
    ],
    "lookups": [
        "free-text",
        "keywords"
    ],
    "keywords": [
        {
            "keyword": "A",
            "synonyms": [
                "a",
                "group a",
                "grub a",
                "grup a",
                "kelas a"
            ]
        },
        {
            "keyword": "B",
            "synonyms": [
                "b",
                "group b",
                "grub b",
                "grup b",
                "kelas b"
            ]
        },
        {
            "keyword": "C",
            "synonyms": [
                "c",
                "group c",
                "grub c",
                "grup c",
                "kelas c"
            ]
        },
        {
            "keyword": "D",
            "synonyms": [
                "d",
                "group d",
                "grub d",
                "grup d",
                "kelas d"
            ]
        },
        {
            "keyword": "E",
            "synonyms": [
                "e",
                "group e",
                "grub e",
                "grup e",
                "kelas e"
            ]
        }
    ]
}
