{
    "name": "matakuliah",
    "roles": [
        "nama_matakuliah"
    ],
    "lookups": [
        "free-text",
        "keywords"
    ],
    "keywords": [
        {
            "keyword": "Algoritma dan Pemrograman",
            "synonyms": [
                "algoritma dan pemrograman",
                "algoritma pemrograman",
                "alpro"
            ]
        },
        {
            "keyword": "Jaringan Komputer",
            "synonyms": [
                "jaringan komputer",
                "jarkom"
            ]
        },
        {
            "keyword": "Matematika Diskrit",
            "synonyms": [
                "madis",
                "matdis",
                "matematika diskrit"
            ]
        },
        {
            "keyword": "Matematika Teknik",
            "synonyms": [
                "matematika teknik",
                "mattek"
            ]
        },
        {
            "keyword": "Pemrograman Web",
            "synonyms": [
                "pemrograman web",
                "progweb"
            ]
        },
        {
            "keyword": "Pemrosesan Citra Digital",
            "synonyms": [
                "pcd",
                "pemrosesan citra digital"
            ]
        },
        {
            "keyword": "Praktikum Algoritma dan Pemrograman",
            "synonyms": [
                "pra alpro",
                "praalpro",
                "prak algoritma",
                "prak algoritma pemrograman",
                "prak alpro",
                "prakalpro",
                "praktikum algoritma dan pemrograman",
                "praktikum algoritma pemrograman",
                "praktikum alpro"
            ]
        },
        {
            "keyword": "Praktikum Jaringan Komputer",
            "synonyms": [
                "pra jarkom",
                "prak jarkom",
                "prakjarkom",
                "praktikum jaringan komputer"
            ]
        },
        {
            "keyword": "Praktikum Pemrograman Web",
            "synonyms": [
                "pra progweb",
                "prak progweb",
                "prakprogweb",
                "praktikum pemrograman web",
                "praprogweb"
            ]
        },
        {
            "keyword": "Statistik",
            "synonyms": [
                "stat",
                "statistik"
            ]
        },
        {
            "keyword": "Struktur Data",
            "synonyms": [
                "strudat",
                "strukdat",
                "struktur data"
            ]
        }
    ]
}
