{
    "name": "pertemuan",
    "roles": [
        "pertemuan_ke"
    ],
    "lookups": [
        "free-text",
        "keywords"
    ],
    "keywords": [
        {
            "keyword": "1",
            "synonyms": [
                "minggu 1",
                "minggu ke 1",
                "minggu ke-1",
                "minggu ke1",
                "minggu pertama",
                "pertemuan 1",
                "pertemuan ke 1",
                "pertemuan ke-1",
                "pertemuan ke1",
                "pertemuan pertama"
            ]
        },
        {
            "keyword": "2",
            "synonyms": [
                "minggu 2",
                "minggu ke 2",
                "minggu ke-2",
                "minggu ke2",
                "minggu kedua",
                "pertemuan 2",
                "pertemuan ke 2",
                "pertemuan ke-2",
                "pertemuan ke2",
                "pertemuan kedua"
            ]
        },
        {
            "keyword": "3",
            "synonyms": [
                "minggu 3",
                "minggu ke 3",
                "minggu ke-3",
                "minggu ke3",
                "minggu ketiga",
                "pertemuan 3",
                "pertemuan ke 3",
                "pertemuan ke-3",
                "pertemuan ke3",
                "pertemuan ketiga"
            ]
        },
        {
            "keyword": "4",
            "synonyms": [
                "minggu 4",
                "minggu ke 4",
                "minggu ke-4",
                "minggu ke4",
                "minggu keempat",
                "pertemuan 4",
                "pertemuan ke 4",
                "pertemuan ke-4",
                "pertemuan ke4",
                "pertemuan keempat"
            ]
        },
        {
            "keyword": "5",
            "synonyms": [
                "minggu 5",
                "minggu ke 5",
                "minggu ke-5",
                "minggu ke5",
                "minggu kelima",
                "pertemuan 5",
                "pertemuan ke 5",
                "pertemuan ke-5",
                "pertemuan ke5",
                "pertemuan kelima"
            ]
        },
        {
            "keyword": "6",
            "synonyms": [
                "minggu 6",
                "minggu ke 6",
                "minggu ke-6",
                "minggu ke6",
                "minggu keenam",
                "pertemuan 6",
                "pertemuan ke 6",
                "pertemuan ke-6",
                "pertemuan ke6",
                "pertemuan keenam"
            ]
        },
        {
            "keyword": "7",
            "synonyms": [
                "minggu 7",
                "minggu ke 7",
                "minggu ke-7",
                "minggu ke7",
                "minggu ketujuh",
                "pertemuan 7",
                "pertemuan ke 7",
                "pertemuan ke-7",
                "pertemuan ke7",
                "pertemuan ketujuh"
            ]
        },
        {
            "keyword": "8",
            "synonyms": [
                "minggu 8",
                "minggu ke 8",
                "minggu ke delapan",
                "minggu ke-8",
                "minggu ke8",
                "minggu kedelapan",
                "pertemuan 8",
                "pertemuan ke 8",
                "pertemuan ke delapan",
                "pertemuan ke-8",
                "pertemuan ke8",
                "pertemuan kedelapan"
            ]
        },
        {
            "keyword": "9",
            "synonyms": [
                "minggu 9",
                "minggu ke 9",
                "minggu ke sembilan",
                "minggu ke-9",
                "minggu ke9",
                "minggu kesembilan",
                "pertemuan 9",
                "pertemuan ke 9",
                "pertemuan ke sembilan",
                "pertemuan ke-9",
                "pertemuan ke9",
                "pertemuan kesembilan"
            ]
        },
        {
            "keyword": "10",
            "synonyms": [
                "minggu 10",
                "minggu ke 10",
                "minggu ke sepuluh",
                "minggu ke-10",
                "minggu ke10",
                "minggu kesepuluh",
                "pertemuan 10",
                "pertemuan ke 10",
                "pertemuan ke sepuluh",
                "pertemuan ke-10",
                "pertemuan ke10",
                "pertemuan kesepuluh"
            ]
        },
        {
            "keyword": "11",
            "synonyms": [
                "minggu 11",
                "minggu ke 11",
                "minggu ke sebelas",
                "minggu ke-11",
                "minggu ke11",
                "minggu kesebelas",
                "pertemuan 11",
                "pertemuan ke 11",
                "pertemuan ke sebelas",
                "pertemuan ke-11",
                "pertemuan ke11",
                "pertemuan kesebelas"
            ]
        },
        {
            "keyword": "12",
            "synonyms": [
                "minggu 12",
                "minggu ke 12",
                "minggu ke-12",
                "minggu ke12",
                "pertemuan 12",
                "pertemuan ke 12",
                "pertemuan ke dua belas",
                "pertemuan ke duabelas",
                "pertemuan ke-12",
                "pertemuan ke12",
                "pertemuan kedua belas",
                "pertemuan keduabelas"
            ]
        },
        {
            "keyword": "13",
            "synonyms": [
                "minggu 13",
                "minggu ke 13",
                "minggu ke-13",
                "minggu ke13",
                "minggu ketiga belas",
                "minggu tiga belas",
                "minggu tigabelas",
                "pertemuan 13",
                "pertemuan ke 13",
                "pertemuan ke tiga belas",
                "pertemuan ke tigabelas",
                "pertemuan ke-13",
                "pertemuan ke13",
                "pertemuan ketiga belas",
                "pertemuan ketigabelas"
            ]
        },
        {
            "keyword": "14",
            "synonyms": [
                "minggu 14",
                "minggu ke 14",
                "minggu ke empat belas",
                "minggu ke-14",
                "minggu ke14",
                "minggu keempat belas",
                "minggu keempatbelas",
                "pertemuan 14",
                "pertemuan ke 14",
                "pertemuan ke empat belas",
                "pertemuan ke empatbelas",
                "pertemuan ke-14",
                "pertemuan ke14",
                "pertemuan keempat belas",
                "pertemuan keempatbelas"
            ]
        },
        {
            "keyword": "15",
            "synonyms": [
                "minggu 15",
                "minggu ke 15",
                "minggu ke lima belas",
                "minggu ke-15",
                "minggu ke15",
                "minggu kelima belas",
                "pertemuan 15",
                "pertemuan ke 15",
                "pertemuan ke lima belas",
                "pertemuan ke limabelas",
                "pertemuan ke-15",
                "pertemuan ke15",
                "pertemuan kelima belas",
                "pertemuan kelimabelas"
            ]
        }
    ]
}
