{
    "name": "tugas",
    "roles": [
        "nama_tugas"
    ],
    "lookups": [
        "free-text",
        "keywords"
    ],
    "keywords": [
        {
            "keyword": "Laporan 1",
            "synonyms": [
                "laporan 1",
                "tugas laporan 1"
            ]
        },
        {
            "keyword": "Laporan 2",
            "synonyms": [
                "laporan 2",
                "tugas laporan 2"
            ]
        },
        {
            "keyword": "Laporan 3",
            "synonyms": [
                "laporan 3",
                "tugas laporan 3"
            ]
        },
        {
            "keyword": "Laporan 4",
            "synonyms": [
                "Laporan 4",
                "tugas laporan 4"
            ]
        },
        {
            "keyword": "Quiz 1",
            "synonyms": [
                "Quiz 1"
            ]
        },
        {
            "keyword": "Quiz 2",
            "synonyms": [
                "Quiz 2"
            ]
        },
        {
            "keyword": "Tugas 1",
            "synonyms": [
                "tugas 1"
            ]
        },
        {
            "keyword": "Tugas 2",
            "synonyms": [
                "tugas 2"
            ]
        },
        {
            "keyword": "Tugas 3",
            "synonyms": [
                "tugas 3"
            ]
        },
        {
            "keyword": "Tugas 4",
            "synonyms": [
                "tugas 4"
            ]
        },
        {
            "keyword": "Tugas 5",
            "synonyms": [
                "tugas 5"
            ]
        },
        {
            "keyword": "UAS",
            "synonyms": [
                "tas",
                "tugas uas",
                "u",
                "uas"
            ]
        },
        {
            "keyword": "UG",
            "synonyms": [
                "UG",
                "unguided"
            ]
        },
        {
            "keyword": "UTS",
            "synonyms": [
                "tts",
                "tugas uts",
                "ut",
                "uts"
            ]
        },
        {
            "keyword": "tugas 6",
            "synonyms": [
                "tugas 6"
            ]
        },
        {
            "keyword": "tugas 7",
            "synonyms": [
                "tugas 7"
            ]
        },
        {
            "keyword": "tugas 8",
            "synonyms": [
                "tugas 8"
            ]
        },
        {
            "keyword": "tugas 9",
            "synonyms": [
                "tugas 9"
            ]
        }
    ]
}
