{
    "name": "waktu",
    "roles": [
        "jangka_waktu",
        "waktu_hari"
    ],
    "lookups": [
        "free-text",
        "keywords"
    ],
    "keywords": [
        {
            "keyword": "besok",
            "synonyms": [
                "besok"
            ]
        },
        {
            "keyword": "bulan ini",
            "synonyms": [
                "bulan ini"
            ]
        },
        {
            "keyword": "hari ini",
            "synonyms": [
                "hari ini"
            ]
        },
        {
            "keyword": "jumat",
            "synonyms": [
                "jumat"
            ]
        },
        {
            "keyword": "kamis",
            "synonyms": [
                "kamis"
            ]
        },
        {
            "keyword": "kemarin",
            "synonyms": [
                "kemarin"
            ]
        },
        {
            "keyword": "minggu",
            "synonyms": [
                "minggu"
            ]
        },
        {
            "keyword": "minggu ini",
            "synonyms": [
                "minggu ini"
            ]
        },
        {
            "keyword": "minggu lalu",
            "synonyms": [
                "minggu lalu"
            ]
        },
        {
            "keyword": "rabu",
            "synonyms": [
                "rabu"
            ]
        },
        {
            "keyword": "sabtu",
            "synonyms": [
                "sabtu"
            ]
        },
        {
            "keyword": "selasa",
            "synonyms": [
                "selasa"
            ]
        },
        {
            "keyword": "senin",
            "synonyms": [
                "senin"
            ]
        }
    ]
}
